Apelido,Avatar
katara o avatar da Água ,https://drive.google.com/open?id=1Jk_zUuZLC2nT1jiiObyQTPd1njTE765S
anonimo22,https://drive.google.com/open?id=1yX0wY567BMuVIj1faX3lKvJlhK44Hitv
Botijão de gás cromado,https://drive.google.com/open?id=1SwKoyaAjCoWMkQN1lBC8OKQ1VijpNElr
Luladroid3000,https://drive.google.com/open?id=1nxzwSuvjVaGzvzvzYNFIS6nXaTM_DnjK
CREATOR0110,https://drive.google.com/open?id=12QQ8euq1I2bbAN46NyZtE19KFk50rm3-
Enigma_Hardcore2023,https://drive.google.com/open?id=12-EgQYkQPWOWijNZw4UTsSN2mS6DpBk0
CLT,https://drive.google.com/open?id=1tANO2yLNMHvSRjhKrtglwe1SSQ1nLS6p
c,https://drive.google.com/open?id=1UhSmp08kmNSdOWrapax3gqyEzqSQ7EIQ
𝔪𝔢𝔫𝔦𝔫𝔬 𝔡𝔞 𝔳𝔦𝔩𝔞,https://drive.google.com/open?id=13JNq24bpnSi0dSPQXh1w_viKcw116w7k
Minecraft+Gravidade,https://drive.google.com/open?id=1r59hDs9SxfsyVhBk6mEykMwAxfkUqItk
lokfn,https://drive.google.com/open?id=1PzgNL0fpUTY0-VrrJFRjqDAAXdL07Qgu
aldãobtos,https://drive.google.com/open?id=1IrOqVSIIpflDVuE481q51ednMhzwEZD7
𝔅𝔞𝔡𝔟𝔬𝔶𝔡𝔢𝔟𝔞𝔯𝔯𝔢𝔱𝔬𝔰,https://drive.google.com/open?id=10u_Ubl4Ra8obyZv2gWsHEquGi8mnPr3-
sonegador de imposto,https://drive.google.com/open?id=1-oQfrArR-yIz1SI-XH0Q-G_UXNiyc2Ft
Paula Tejano,https://drive.google.com/open?id=1ArBm0XsY2wQy2v8RiVYnvSLOVOf8P5Zh
Thomas tur,https://drive.google.com/open?id=1d_1coD6S8JCzgkdsqYCR4faO1yRNl6i0
꧁𓆩BlackSwan𓆪꧂,https://drive.google.com/open?id=10LOXtm3qIV6aACv2-vZOAkVmiXJsMFj0
Scooby,https://drive.google.com/open?id=1m6_uZ7xEbKWMrBrQd86IaC3qGqVMAkMs
😈😈,https://drive.google.com/open?id=1WWe2sE3smJ6KN92d-fzswxTX2Dm125qc
nanamin,https://drive.google.com/open?id=1X65E1hxmhDaZ5qsqjvOObNhwAJxtSpHo
oreia ou gaylherme,https://drive.google.com/open?id=1BWk0gOTOqMrmT4DYS4jfYQN2FJgyqbGL
Scooby,https://drive.google.com/open?id=1Pwex74hjFdzyZNXd_S0ZJnPS2WNcyiCX
anonimo 8,https://drive.google.com/open?id=1r6F2Sfe-grJyYKbmZFitBM5wFcm5nnCY
Japônes,https://drive.google.com/open?id=1xTALemaDy7ZW7Wb5VY3h1YRF11zoz0B3
Rafael,https://drive.google.com/open?id=1jl2fG1ybmlw5dhUpqiZDKI6CIWrMoNgn
